"8","Maxime_Nienow","False","explicabo consectetur debitis voluptates quas quae culpa rerum non"
"8","Maxime_Nienow","False","maiores accusantium architecto necessitatibus reiciendis ea aut"
"8","Maxime_Nienow","False","molestiae suscipit ratione nihil odio libero impedit vero totam"
"8","Maxime_Nienow","False","eum itaque quod reprehenderit et facilis dolor autem ut"
"8","Maxime_Nienow","False","accusamus adipisci dicta qui quo ea explicabo sed vero"
"8","Maxime_Nienow","False","rerum non ex sapiente"
"8","Maxime_Nienow","False","voluptatem nobis consequatur et assumenda magnam"
"8","Maxime_Nienow","False","nam quia quia nulla repellat assumenda quibusdam sit nobis"
"8","Maxime_Nienow","False","dolorem veniam quisquam deserunt repellendus"
"8","Maxime_Nienow","False","debitis vitae delectus et harum accusamus aut deleniti a"
"8","Maxime_Nienow","False","debitis adipisci quibusdam aliquam sed dolore ea praesentium nobis"
